pp_id,unique_id,age,gender_str,gender_code,L1_str,L1_code,handedness_str,handedness_code,musicality_question_1,musicality_question_2,musicality_question_3,musicality_question_4,musicality_question_5,musicality_question_6,musicality_question_7,musicality_question_8,musicality_calculated,n_resampled,failed_training,n_training_rounds_needed
298,1016718,23.0,vrouw,,Nederlands,,right,,14,3.0,2.0,3.0,3.0,4.0,6,1,,0,True,1
183,1049495,66.0,vrouw,,nederlands,,right,,20,3.0,1.0,3.0,1.0,1.0,,,,0,True,3
182,1066461,73.0,v,,nederlands,,right,,70,2.0,4.0,2.0,3.0,2.0,20,0.5,,0,True,2
67,1086672,24.0,Vrouw,,Nederlands,,right,,24,3.0,1.0,3.0,1.0,1.0,,,,0,False,2
306,1130980,23.0,v,,duits,,right,,6,4.0,4.0,1.0,2.0,1.0,,,,0,True,2
215,1266108,18.0,vrouw,,Nederlands,,right,,10,4.0,2.0,1.0,2.0,1.0,,,,0,True,2
310,1287278,63.0,Man,,Nederlands,,right,,20,2.0,1.0,3.0,2.0,1.0,,,,0,False,2
259,1351075,59.0,v,,nederlands,,right,,7,2.0,2.0,2.0,1.0,1.0,,,,1,False,1
205,1435371,30.0,man,,Nederlands,,right,,5,4.0,2.0,1.0,2.0,3.0,14,7,,0,True,1
15,1443205,27.0,vrouw,,Nederlands,,right,,8,4.0,1.0,2.0,1.0,1.0,,,,0,True,2
127,1493519,,,,,,,,,,,,,,,,,0,False,1
104,1544301,35.0,man,,nederlands,,right,,40,2.0,1.0,1.0,1.0,1.0,,,,0,False,1
64,1599338,24.0,vrouw,,Nederlands,,right,,10,4.0,3.0,2.0,2.0,2.0,5,0,,0,True,2
185,1643869,,,,,,,,,,,,,,,,,0,False,1
25,1715529,21.0,Vrouw,,Nederlands,,right,,14,5.0,1.0,2.0,2.0,1.0,,,,0,True,1
5,1754606,25.0,Vrouw,,Nederlands,,right,,8,2.0,4.0,3.0,4.0,3.0,10,0.5,,0,True,1
75,1841130,18.0,Vrouw,,Nederlands,,right,,10,5.0,3.0,1.0,3.0,3.0,6,0.5,,0,True,2
63,1967154,,,,,,,,,,,,,,,,,0,False,1
286,1982015,23.0,Man,,Nederlands,,left,,40,4.0,4.0,1.0,4.0,1.0,4,,,0,True,1
225,1982204,,,,,,,,,,,,,,,,,0,False,1
284,2061423,20.0,vrouw,,Nederlands,,right,,10,5.0,4.0,2.0,1.0,4.0,3,3,,0,True,1
278,2080698,,,,,,,,,,,,,,,,,0,False,1
52,2113065,18.0,vrouw,,nederlands,,right,,14,4.0,4.0,2.0,4.0,4.0,9,0,,0,True,3
261,2125151,23.0,vrouw,,Nederlands,,left,,21,5.0,4.0,1.0,5.0,4.0,15,5,,0,False,1
256,2180927,24.0,vrouw,,Nederlands,,right,,2,2.0,2.0,2.0,1.0,1.0,,,,0,True,3
118,2195124,26.0,man,,Nederlands,,right,,20,3.0,1.0,5.0,1.0,1.0,,,,1,True,4
7,2195211,38.0,man,,Nederlands,,right,,10,3.0,3.0,1.0,2.0,1.0,,,,0,True,2
236,2227413,27.0,vrouw,,Nederlands,,right,,2,2.0,4.0,3.0,1.0,3.0,8,1,,0,True,3
153,2298660,18.0,vrouw,,Nederlands,,right,,10,3.0,1.0,2.0,2.0,1.0,,,,1,True,1
237,2333590,,,,,,,,,,,,,,,,,1,False,1
110,2388468,28.0,Vrouw,,Nederlands,,right,,20,3.0,1.0,1.0,1.0,3.0,16,2,,0,True,1
292,2436774,,,,,,,,,,,,,,,,,0,False,1
107,2442262,20.0,vrouw,,nederlands,,right,,3,5.0,2.0,3.0,1.0,1.0,,,,0,True,1
269,2458582,21.0,Vrouw,,Nederlands,,left,,2,2.0,1.0,4.0,1.0,1.0,,,,0,True,2
72,2513585,35.0,Vrouwelijk,,Nederlands,,right,,5,4.0,3.0,2.0,2.0,2.0,10,0,,0,True,2
250,2527033,20.0,Vrouw,,Nederlands,,right,,15,4.0,1.0,3.0,2.0,1.0,,,,0,False,3
23,2538732,28.0,vrouw,,Nederlands,,left,,2,5.0,3.0,2.0,3.0,3.0,20,1,,0,True,1
22,2553360,43.0,Vrouw,,Nederlands,,right,,21,4.0,4.0,2.0,4.0,4.0,8,3,,1,True,1
283,2556761,48.0,Male,,Engels,,right,,10,3.0,1.0,1.0,1.0,1.0,,,,0,True,2
196,2582418,65.0,man,,Nederlands,,right,,35,2.0,1.0,1.0,1.0,1.0,,,,0,True,4
163,2613383,19.0,VROUW,,NEDERLANDS,,right,,10,4.0,4.0,2.0,3.0,4.0,10,5,,0,True,2
311,2633671,22.0,vrouw,,Nederlands,,right,,40,5.0,5.0,2.0,4.0,4.0,14,7,,0,True,1
171,2643975,27.0,m,,nederlands,,right,,4,3.0,3.0,1.0,3.0,2.0,10,0,,0,True,2
69,2704734,24.0,vrouw,,Nederlands,,right,,8,4.0,2.0,1.0,3.0,3.0,10,3,,0,False,2
161,2793701,22.0,Vrouw,,Nederlands,,right,,5,3.0,2.0,1.0,2.0,1.0,,,,0,True,1
239,2801504,22.0,Man,,Nederlands,,right,,15,5.0,1.0,2.0,1.0,1.0,,,,0,True,1
244,2805080,47.0,Vrouw,,Nederlands,,ambidextrous,,1,4.0,4.0,2.0,4.0,4.0,10,0,,0,True,2
168,2811377,24.0,Vrouw,,Nederlands,,right,,3,4.0,3.0,4.0,3.0,1.0,,,,1,True,2
144,2851664,22.0,Vrouw,,Nederlands,,right,,25,3.0,4.0,2.0,2.0,4.0,12,1,,0,True,1
305,2858101,22.0,Vrouw,,Nederlands,,left,,10,4.0,1.0,3.0,2.0,1.0,,,,0,False,2
18,2950560,28.0,man,,nederlands,,right,,30,3.0,5.0,5.0,5.0,5.0,16,5,,0,True,2
247,2987387,19.0,vrouw,,nederlands,,right,,20,3.0,1.0,2.0,2.0,2.0,1,0,,0,True,1
35,3002402,25.0,Vrouw,,Nederlands,,right,,21,4.0,2.0,2.0,2.0,1.0,,,,1,False,1
97,3020104,,,,,,,,,,,,,,,,,0,False,1
271,3110778,,,,,,,,,,,,,,,,,0,True,1
186,3175819,57.0,vrouw,,nederlands,,right,,3,4.0,4.0,2.0,3.0,3.0,2,5,,0,True,1
206,3189425,63.0,v,,nl,,ambidextrous,,3,4.0,1.0,3.0,1.0,1.0,,,,0,True,1
81,3197197,18.0,vrouw,,Nederlands,,right,,15,4.0,2.0,2.0,3.0,4.0,8,2,,0,True,1
309,3246138,63.0,man,,Nederlands,,right,,20,2.0,1.0,3.0,2.0,1.0,,,,0,False,2
109,3385043,21.0,Man,,Nederlands,,right,,30,4.0,1.0,2.0,1.0,2.0,6,0.5,,0,False,3
235,3397795,27.0,vrouw,,nederlands,,right,,4,4.0,2.0,3.0,3.0,2.0,1,0.5,,0,True,1
41,3403387,19.0,vrouw,,Nederlands,,right,,20,3.0,3.0,2.0,1.0,1.0,,,,0,False,1
241,3407109,29.0,vrouw,,Nederlands,,right,,10,5.0,1.0,1.0,1.0,1.0,,,,0,True,1
149,3425114,35.0,vrouw,,Nederlands,,right,,40,2.0,4.0,1.0,1.0,2.0,2,0,,1,True,1
902,3438119,,,,,,,,,,,,,,,,,0,True,2
137,3438122,,,,,,,,,,,,,,,,,1,False,1
157,3454314,,,,,,,,,,,,,,,,,0,False,1
73,3533857,23.0,vrouw,,Nederlands,,right,,3,4.0,1.0,2.0,1.0,1.0,,,,0,True,2
214,3543117,18.0,Vrouw,,Nederlands,,right,,12,4.0,4.0,3.0,3.0,3.0,5,4,,1,True,1
174,3568384,23.0,vrouw,,Nederlands,,right,,18,4.0,4.0,2.0,4.0,4.0,14,2,,0,True,1
54,3579457,28.0,man,,Nederlands,,right,,8,2.0,1.0,2.0,1.0,1.0,,,,0,True,2
904,3623689,,,,,,,,,,,,,,,,,1,False,1
141,3644417,21.0,vrouw,,Nederlands,,right,,26,3.0,2.0,1.0,1.0,1.0,,,,0,False,1
74,3665834,21.0,Man,,Nederlands,,right,,14,5.0,1.0,3.0,1.0,1.0,,,,0,True,1
130,3673615,,,,,,,,,,,,,,,,,0,False,1
312,3687234,24.0,vrouw,,Nederlands,,left,,20,5.0,2.0,2.0,2.0,2.0,6,0,,0,True,1
260,3689246,26.0,vrouw,,Nederlands,,right,,3,2.0,5.0,3.0,4.0,4.0,7,0,,0,False,1
58,3697460,47.0,vrouw,,nederlands,,right,,1,3.0,1.0,3.0,1.0,1.0,,,,0,True,1
905,3752565,,,,,,,,,,,,,,,,,0,False,1
112,3754374,31.0,vrouw,,Nederlands,,right,,10,4.0,2.0,3.0,2.0,2.0,25,1,,0,True,2
276,3816014,27.0,Man,,Nederlands,,right,,30,4.0,1.0,3.0,1.0,1.0,,,,0,True,2
297,3816808,36.0,vrouw,,nederlands,,right,,10,3.0,3.0,4.0,3.0,4.0,25,1,,0,False,2
178,3821012,,,,,,,,,,,,,,,,,0,False,1
281,3834544,18.0,man,,Nederland,,left,,9,5.0,1.0,1.0,2.0,1.0,,,,1,False,1
76,3837089,,,,,,,,,,,,,,,,,0,False,1
36,3841152,27.0,man,,Nederlands,,left,,4,4.0,3.0,2.0,3.0,4.0,10,1.5,,0,True,1
139,3852382,,,,,,,,,,,,,,,,,0,False,1
224,3899192,32.0,Vrouw,,Nederlands,,right,,30,3.0,4.0,3.0,3.0,4.0,9,3,,0,True,1
95,3957697,26.0,man,,nederlands,,right,,7,2.0,1.0,1.0,1.0,1.0,,,,1,True,1
169,3972491,19.0,vrouw,,Nederlands,,right,,20,4.0,3.0,4.0,3.0,1.0,,,,1,True,2
133,3995960,21.0,Vrouw,,Nederlands,,right,,10,4.0,2.0,3.0,3.0,1.0,,,,0,True,1
57,4021583,22.0,Vrouw,,Nederlands,,left,,10,3.0,2.0,2.0,1.0,1.0,,,,0,True,2
296,4041782,22.0,Vrouw,,Nederlands,,right,,1,2.0,1.0,2.0,1.0,1.0,,,,0,True,1
165,4068099,24.0,vrouw,,Nederlands,,right,,8,4.0,3.0,2.0,2.0,3.0,4,5,,0,False,2
285,4223296,22.0,vrouw,,Nederlands,,right,,3,3.0,3.0,1.0,2.0,3.0,6,1,,0,False,1
290,4227821,35.0,Vrouw,,Nederlands,,right,,7,3.0,4.0,1.0,4.0,4.0,5,0,,1,True,2
172,4340360,,,,,,,,,,,,,,,,,0,False,1
158,4341396,20.0,Vrouw,,Nederlands,,right,,10,3.0,4.0,3.0,4.0,4.0,12,0.5,,0,True,2
291,4371015,60.0,vrouw,,Nederlands,,right,,2,4.0,1.0,2.0,1.0,4.0,,,,0,True,1
246,4431621,44.0,vrouw,,Nederlands,,right,,3,3.0,1.0,3.0,3.0,1.0,,,,0,True,1
162,4443103,24.0,Vrouw,,Nederlands,,left,,21,4.0,3.0,2.0,3.0,4.0,1,2,,0,True,1
134,4445540,,,,,,,,,,,,,,,,,0,False,1
60,4494763,36.0,mannelijk,,Nederlands,,right,,20,4.0,3.0,2.0,3.0,2.0,5,0,,0,True,1
170,4542729,65.0,man,,nederlands,,right,,14,3.0,2.0,2.0,4.0,3.0,40,,,0,True,1
151,4546157,26.0,M,,Nederlands,,right,,7,5.0,2.0,3.0,1.0,1.0,,,,1,False,3
34,4553795,,,,,,,,,,,,,,,,,0,False,1
272,4568891,25.0,vrouw,,nederlands,,right,,12,4.0,2.0,3.0,1.0,1.0,,,,0,True,2
29,4575917,29.0,vrouw,,Nederlands,,left,,10,4.0,1.0,3.0,2.0,1.0,,,,0,True,2
233,4633276,26.0,vrouw,,Pools,,right,,4,3.0,1.0,2.0,2.0,1.0,,,,0,True,1
217,4665396,28.0,Vrouw,,Nederlands,,right,,15,4.0,1.0,3.0,2.0,1.0,,,,0,True,1
253,4679573,,,,,,,,,,,,,,,,,1,False,2
96,4680779,21.0,v,,Nederlands,,right,,7,4.0,1.0,1.0,2.0,4.0,4,0,,0,True,2
268,4704058,19.0,vrouw,,nederlands,,right,,18,4.0,4.0,3.0,4.0,4.0,3.5,1,,1,True,1
66,4704872,24.0,vrouw,,Nederlands,,right,,8,4.0,2.0,2.0,4.0,3.0,10,3,,1,True,1
293,4733780,,,,,,,,,,,,,,,,,0,False,1
91,4734515,30.0,Vrouw,,Nederlands,,right,,8,4.0,1.0,2.0,1.0,1.0,,,,0,True,2
154,4737993,18.0,vrouw,,nederlands,,right,,30,3.0,4.0,2.0,4.0,3.0,6,3,,0,True,1
20,4765891,21.0,Man,,Nederlands,,right,,35,4.0,1.0,2.0,1.0,4.0,13,2,,0,True,1
21,4807542,24.0,Vrouw,,Nederlands,,right,,15,3.0,3.0,2.0,4.0,1.0,,,,0,True,2
120,4809295,23.0,V,,Nederlands,,right,,18,2.0,4.0,2.0,2.0,1.0,,,,0,True,1
252,4865911,,,,,,,,,,,,,,,,,0,False,1
113,4879711,21.0,vrouw,,Nederlands,,right,,26,2.0,2.0,1.0,1.0,1.0,,,,0,True,1
177,4919840,28.0,vrouw,,Nederlands,,right,,15,4.0,3.0,1.0,4.0,4.0,10,0,,1,True,1
138,4951678,,,,,,,,,,,,,,,,,0,False,1
93,4960547,26.0,man,,nederlands,,right,,18,5.0,5.0,1.0,5.0,5.0,10,10,,0,True,2
13,5016034,21.0,vrouw,,Nederlands,,left,,14,2.0,1.0,4.0,2.0,1.0,,,,1,True,2
190,5061168,21.0,vrouw,,Nederlands,,right,,30,3.0,1.0,2.0,1.0,1.0,,,,2,True,1
2,5119684,28.0,Vrouw,,Nederlands,,right,,30,3.0,1.0,2.0,1.0,1.0,,,,0,True,2
175,5140667,23.0,Vrouw,,Nederlands,,right,,14,2.0,3.0,4.0,3.0,2.0,5,0,,1,False,2
17,5141847,21.0,vrouw,,nederlands,,right,,10,2.0,1.0,4.0,1.0,1.0,,,,0,True,2
194,5178627,72.0,Man,,Nederlands,,right,,1,2.0,2.0,2.0,2.0,3.0,15,1,,0,False,2
216,5285921,24.0,Man,,Nederlands,,right,,20,3.0,1.0,2.0,2.0,1.0,,,,0,True,1
274,5304230,29.0,Female,,Chinese,,right,,18,1.0,2.0,1.0,2.0,1.0,,,,0,True,1
207,5359598,,,,,,,,,,,,,,,,,0,False,1
166,5399295,,,,,,,,,,,,,,,,,0,False,1
32,5413270,25.0,Vrouw,,Nederlands,,right,,7,5.0,5.0,2.0,4.0,4.0,7,0,,0,True,3
197,5416303,56.0,vrouw,,nederlands,,right,,21,4.0,1.0,2.0,1.0,1.0,,,,0,False,3
16,5433492,21.0,vrouw,,Nederlands,,right,,10,2.0,1.0,4.0,1.0,1.0,,,,0,True,2
299,5456604,,,,,,,,,,,,,,,,,0,False,1
179,5467184,20.0,vrouw,,Nederlands,,right,,9.5,4.0,5.0,3.0,3.0,4.0,10,0,,2,True,3
251,5518359,23.0,vrouw,,nederlands,,right,,40,4.0,2.0,4.0,2.0,1.0,,,,0,False,1
267,5518540,23.0,Vrouw,,Nederlands,,right,,7,3.0,1.0,3.0,1.0,1.0,,,,0,True,1
264,5593795,62.0,vrouw,,Nederlands,,right,,50,3.0,1.0,2.0,1.0,1.0,,,,0,True,3
180,5660268,74.0,vrouw,,Nederlands,,left,,12.5,5.0,3.0,2.0,3.0,3.0,0,0,,0,False,2
115,5688774,30.0,vrouw,,nederlands,,right,,4,3.0,1.0,3.0,1.0,1.0,,,,0,False,3
10,5699398,24.0,Vrouw,,Nederlands,,right,,3,4.0,1.0,1.0,4.0,4.0,10,0,,1,True,1
42,5749346,47.0,vrouw,,nederlands,,right,,14,4.0,2.0,3.0,2.0,2.0,5,1,,0,False,1
87,5770006,,,,,,,,,,,,,,,,,0,False,1
33,5794876,23.0,Vrouw,,Nederlands,,right,,8,4.0,1.0,4.0,3.0,4.0,8,0,,0,True,2
223,5795108,28.0,Man,,Nederlands,,right,,35,2.0,1.0,2.0,1.0,1.0,,,,0,True,1
301,5825546,23.0,Vrouw,,Nederlands,,right,,5,3.0,2.0,3.0,1.0,1.0,,,,0,True,1
308,5835442,,,,,,,,,,,,,,,,,1,False,1
44,5873330,29.0,Vrouw,,Nederlands,,right,,100,4.0,4.0,1.0,4.0,4.0,7,0.5,,0,True,1
146,5883096,22.0,Man,,Nederlands,,right,,8,2.0,1.0,2.0,2.0,3.0,1.5,2,,0,True,1
62,5895935,20.0,Vrouw,,Nederlands,,right,,90,2.0,1.0,2.0,1.0,1.0,,,,0,True,1
227,5915623,,,,,,,,,,,,,,,,,0,False,1
140,5955579,,,,,,,,,,,,,,,,,1,False,1
273,6000504,20.0,vrouw,,Nederlands,,left,,10,4.0,2.0,2.0,2.0,2.0,1,0,,0,True,1
77,6036570,21.0,Vrouw,,Nederlands,,right,,7,4.0,2.0,2.0,1.0,1.0,,,,0,True,1
136,6105531,,,,,,,,,,,,,,,,,0,False,1
49,6114246,,,,,,,,,,,,,,,,,0,False,1
102,6125677,23.0,Vrouw,,Nederlands,,right,,56,4.0,5.0,2.0,4.0,4.0,12,3,,0,True,1
129,6136037,,,,,,,,,,,,,,,,,0,False,1
200,6159743,23.0,vrouw,,Nederlands,,right,,14,3.0,1.0,3.0,1.0,1.0,,,,0,True,1
59,6174223,23.0,Vrouw,,Nederlands,,right,,6,3.0,1.0,4.0,1.0,1.0,,,,0,True,1
229,6186946,,,,,,,,,,,,,,,,,1,False,1
295,6196284,20.0,Vrouw,,Nederlands,,right,,20,4.0,4.0,2.0,2.0,3.0,2,2,,0,True,2
85,6221436,25.0,Vrouw,,Nederlands,,left,,14,4.0,1.0,2.0,2.0,1.0,,,,0,True,1
232,6280900,21.0,Man,,Nederlands,,right,,20,1.0,1.0,2.0,1.0,1.0,,,,0,False,1
231,6343750,,,,,,,,,,,,,,,,,0,False,1
121,6359687,24.0,Vrouw,,Nederlands,,right,,70,4.0,1.0,3.0,1.0,1.0,1,,,1,False,3
40,6391081,47.0,vrouw,,nederlands,,right,,14,4.0,2.0,3.0,2.0,2.0,5,1,,0,True,1
150,6411882,25.0,Vrouw,,Nederlands,,right,,13.5,3.0,3.0,2.0,3.0,3.0,15,0.5,,0,True,4
279,6452668,,,,,,,,,,,,,,,,,0,False,1
152,6467378,,,,,,,,,,,,,,,,,0,False,1
12,6484069,21.0,vrouw,,Nederlands,,left,,14,2.0,1.0,4.0,2.0,1.0,,,,0,True,2
26,6493090,24.0,V,,Nederlands,,right,,10,4.0,1.0,3.0,1.0,1.0,,,,0,True,1
27,6528346,,,,,,,,,,,,,,,,,0,False,1
159,6567739,,,,,,,,,,,,,,,,,0,False,1
88,6625871,24.0,Vrouw,,Nederlands,,left,,20,5.0,5.0,1.0,4.0,4.0,5,0,,0,True,2
105,6638990,28.0,Vrouw,,Nederlands,,right,,2,3.0,2.0,2.0,2.0,1.0,,,,0,True,2
116,6678569,72.0,man,,nl,,right,,20,3.0,1.0,3.0,1.0,1.0,,,,0,True,1
315,6720088,,,,,,,,,,,,,,,,,0,False,1
300,6742914,73.0,man,,Nederlands,,right,,2,1.0,1.0,3.0,1.0,1.0,,,,0,True,1
901,6775733,27.0,man,,nl,,right,,20,5.0,3.0,1.0,3.0,3.0,20,1,,1,False,1
131,6847425,27.0,Vrouw,,Nederlands,,right,,20,4.0,3.0,2.0,2.0,3.0,5,0,,0,True,1
212,6867016,26.0,vrouw,,Nederland,,right,,1,1.0,1.0,4.0,1.0,1.0,,,,0,True,4
80,6902521,,,,,,,,,,,,,,,,,0,False,1
287,6959038,69.0,V,,Nederlands,,ambidextrous,,5,2.0,3.0,3.0,3.0,2.0,20,4,,0,True,2
89,7044045,21.0,Vrouw,,Nederlands,,right,,30,4.0,2.0,2.0,2.0,1.0,,,,0,True,2
122,7085767,,,,,,,,,,,,,,,,,0,False,1
203,7085883,68.0,man,,nl,,ambidextrous,,10,2.0,1.0,2.0,1.0,1.0,,,,0,True,2
45,7086199,19.0,vrouw,,Nederlands,,right,,11,5.0,3.0,2.0,2.0,4.0,2,7,,0,True,2
255,7106680,28.0,vrouw,,Nederlands,,right,,1,3.0,1.0,3.0,1.0,1.0,,,,0,False,2
221,7132860,24.0,v,,Nederlands,,left,,10,3.0,2.0,4.0,3.0,2.0,2,0,,0,False,2
188,7141031,,,,,,,,,,,,,,,,,1,False,1
213,7155268,24.0,Vrouw,,Nederlands,,left,,7,3.0,2.0,4.0,1.0,2.0,5,0,,0,True,1
4,7167886,27.0,vrouw,,NL,,right,,60,1.0,2.0,3.0,2.0,2.0,1,0.2,,0,True,1
68,7168149,33.0,Vrouw,,Nederlands,,right,,40,4.0,2.0,3.0,1.0,1.0,,,,0,False,1
243,7175502,28.0,vrouw,,Nederlands,,right,,14,3.0,5.0,2.0,4.0,4.0,10,4,,0,True,2
265,7188009,21.0,vrouw,,Duits/Nederlands,,right,,25,4.0,5.0,3.0,5.0,4.0,15,2,,1,False,2
8,7214726,38.0,man,,nederlands,,right,,10,3.0,2.0,2.0,2.0,1.0,,,,0,True,2
164,7234100,,,,,,,,,,,,,,,,,0,True,1
903,7236904,,,,,,,,,,,,,,,,,0,True,1
181,7241321,27.0,Vrouw,,Nederlands,,right,,10,4.0,1.0,2.0,2.0,1.0,,,,0,True,1
84,7263573,18.0,vrouw,,Nederlands,,right,,10,4.0,5.0,2.0,5.0,4.0,5,3,,0,True,2
106,7273092,24.0,Vrouw,,Nederlands,,right,,10,2.0,1.0,2.0,2.0,1.0,,,,1,True,3
99,7307954,21.0,other,,Nederlands,,right,,15,4.0,4.0,2.0,2.0,2.0,2,4,,1,False,2
230,7340204,,,,,,,,,,,,,,,,,0,False,1
275,7346731,27.0,vrouw,,Nederlands,,right,,10,5.0,3.0,1.0,2.0,3.0,5,0,,0,True,1
245,7510174,,,,,,,,,,,,,,,,,1,False,1
262,7549037,,,,,,,,,,,,,,,,,0,False,1
199,7571186,,,,,,,,,,,,,,,,,0,False,1
47,7590939,27.0,Man,,Nederlands,,right,,20,4.0,3.0,4.0,3.0,4.0,12,2,,0,True,1
51,7620203,23.0,man,,Nederlands,,right,,14,4.0,3.0,2.0,2.0,1.0,,,,0,True,2
132,7630537,23.0,Vrouw,,Nederlands,,right,,18,2.0,3.0,2.0,2.0,2.0,1,0.2,,0,True,2
78,7642244,29.0,Man,,Nederlands,,right,,14,4.0,3.0,1.0,2.0,4.0,20,4,,0,True,1
195,7654837,25.0,vrouw,,Nederlands,,right,,5,2.0,3.0,2.0,4.0,4.0,5,5,,0,True,4
100,7681908,23.0,vrouw,,Nederlands,,right,,20,4.0,2.0,4.0,1.0,3.0,5,3,,0,True,2
46,7716177,20.0,Vrouw,,Nederlands,,right,,20,4.0,1.0,3.0,1.0,1.0,,,,1,True,1
9,7728608,,,,,,,,,,,,,,,,,0,False,1
92,7728910,23.0,man,,Nederlands,,left,,40,5.0,2.0,3.0,1.0,1.0,,,,0,False,1
313,7736028,58.0,v,,Nederlands,,right,,2,2.0,4.0,3.0,4.0,4.0,38,0,,0,True,1
124,7750453,,,,,,,,,,,,,,,,,0,False,1
145,7767024,19.0,Vrouw,,Nederlands,,right,,10,4.0,1.0,3.0,1.0,1.0,,,,0,True,2
70,7777232,21.0,vrouw,,Nederlands,,right,,21,2.0,1.0,2.0,1.0,1.0,,,,1,False,2
289,7778059,26.0,Man,,Nederlands,,right,,45,4.0,3.0,3.0,3.0,3.0,7,0,,1,True,1
108,7799697,,,,,,,,,,,,,,,,,0,False,1
160,7818683,22.0,vrouw,,Nederlands,,right,,30,4.0,1.0,1.0,1.0,1.0,,,,0,True,1
56,7831879,23.0,Vrouw,,Nederlands,,right,,30,5.0,1.0,2.0,1.0,1.0,,,,0,False,1
208,7840354,,,,,,,,,,,,,,,,,0,False,1
114,7858196,23.0,Vrouw,,Nederlands,,right,,14,3.0,2.0,2.0,3.0,4.0,8,5,,0,True,1
192,7863178,,,,,,,,,,,,,,,,,1,False,1
86,7876742,35.0,man,,Nederlands,,right,,6,3.0,1.0,2.0,1.0,1.0,,,,0,True,2
226,7888444,,,,,,,,,,,,,,,,,0,False,1
218,7922404,29.0,Vrouw,,Nederlands,,left,,20,3.0,2.0,2.0,2.0,2.0,3,0,,0,False,3
11,7927803,21.0,Vrouw,,Nederlands,,right,,3,4.0,2.0,4.0,2.0,1.0,,,,0,True,1
90,7947344,18.0,vrouw,,Nederlands,,right,,15,3.0,1.0,2.0,2.0,2.0,7,3,,0,True,4
204,7962194,67.0,vrouw,,Nederlands,,left,,6,4.0,1.0,3.0,1.0,3.0,,,,2,True,1
228,7987110,27.0,vrouw,,Dari,,right,,20,4.0,1.0,3.0,1.0,1.0,,,,0,True,4
249,8003778,,,,,,,,,,,,,,,,,1,False,1
189,8017832,,,,,,,,,,,,,,,,,1,False,1
55,8040879,21.0,man,,Nederlands,,right,,3,3.0,1.0,4.0,2.0,1.0,,,,0,False,2
94,8044638,30.0,Vrouw,,Nederlands,,right,,8,2.0,1.0,3.0,2.0,2.0,3,0,,0,True,1
266,8059533,60.0,vrouw,,Nederlands,,right,,10,4.0,2.0,2.0,2.0,2.0,5,0,,1,True,4
6,8129932,25.0,Vrouw,,Nederlands,,right,,8,2.0,4.0,2.0,3.0,4.0,10,0.5,,0,True,1
307,8184083,,,,,,,,,,,,,,,,,0,False,1
53,8235393,18.0,Vrouw,,Nederlands,,right,,20,3.0,4.0,2.0,4.0,4.0,6,,,0,True,2
288,8238861,23.0,vrouw,,Nederlands,,right,,5,3.0,2.0,4.0,2.0,2.0,2,0,,0,True,1
193,8244288,53.0,vrouw,,nederlands,,right,,12,4.0,1.0,2.0,1.0,1.0,,,,0,False,3
201,8284455,34.0,vrouw,,Nederlands,,right,,8,2.0,4.0,2.0,3.0,3.0,4,0,,0,False,3
39,8313768,22.0,Man,,Nederlands,,right,,30,4.0,1.0,2.0,1.0,1.0,,,,1,True,2
123,8317112,,,,,,,,,,,,,,,,,0,False,1
156,8359684,18.0,vrouw,,Nederlands,,right,,12,5.0,3.0,2.0,1.0,4.0,7,4,,0,True,1
240,8367168,77.0,v,,Ned,,right,,1,1.0,2.0,3.0,2.0,4.0,,2,,1,True,1
43,8376129,29.0,vrouw,,Nederlands,,left,,10,3.0,1.0,3.0,2.0,1.0,,,,0,True,1
1,8380661,26.0,vrouw,,Nederlands,,right,,1,3.0,1.0,3.0,2.0,1.0,,,,1,True,1
103,8396620,29.0,man,,Nederlands,,right,,30,3.0,1.0,2.0,1.0,2.0,1,2,,1,False,2
126,8405344,,,,,,,,,,,,,,,,,0,False,2
304,8416475,21.0,Vrouw,,Nederlands,,right,,25,3.0,1.0,3.0,1.0,1.0,,,,1,True,2
238,8437462,22.0,vrouw,,Nederlands,,right,,18,5.0,4.0,2.0,4.0,4.0,15,2.5,,1,True,1
303,8443427,,,,,,,,,,,,,,,,,0,False,1
155,8445803,23.0,Man,,Nederlands,,right,,10,4.0,3.0,3.0,3.0,3.0,5,,,0,True,1
50,8450657,25.0,Woman,,Netherlands,,left,,10,2.0,1.0,4.0,1.0,1.0,,,,0,True,4
294,8460011,21.0,Vrouw,,Nederlands,,right,,7,3.0,4.0,2.0,2.0,3.0,8,,,0,True,1
101,8468936,50.0,M,,Nederlands,,right,,18,3.0,2.0,3.0,2.0,2.0,8,4,,0,True,1
142,8492434,19.0,Male,,English,,right,,20,3.0,1.0,3.0,1.0,1.0,,,,0,True,3
148,8562585,20.0,Vrouw,,Nederlands,,right,,10,4.0,2.0,2.0,2.0,2.0,3,0,,0,True,1
48,8616215,27.0,female,,German,,right,,4,2.0,5.0,2.0,5.0,4.0,18,0.5,,0,True,1
119,8660421,,,,,,,,,,,,,,,,,1,False,1
209,8699135,75.0,man,,nederlands,,right,,25,4.0,2.0,3.0,2.0,2.0,60,1,,0,True,2
191,8767785,25.0,Vrouw,,Nederlands,,right,,5,5.0,1.0,3.0,1.0,1.0,,,,1,False,3
202,8784060,69.0,V,,Nederlands,,right,,20,4.0,3.0,2.0,2.0,1.0,,,,0,True,1
79,8785762,30.0,Vrouw,,Nederlands,,right,,8,2.0,1.0,3.0,2.0,2.0,3,0,,0,True,1
117,8805856,23.0,vrouw,,Nederlands,,right,,6,2.0,5.0,2.0,4.0,4.0,12,4,,0,True,1
210,8836952,23.0,Vrouw,,Nederlands,,right,,10,2.0,1.0,4.0,1.0,1.0,,,,0,True,2
30,8837074,26.0,Man,,NL,,right,,20,5.0,1.0,1.0,1.0,2.0,12,0,,0,True,2
167,8900771,28.0,vrouw,,Nederlands,,right,,7,2.0,1.0,2.0,1.0,1.0,,,,0,True,1
211,8917716,21.0,Man,,Nederlands,,right,,40,2.0,5.0,3.0,3.0,4.0,5,2,,0,True,3
258,8934602,25.0,vrouw,,Nederlands,,right,,16,4.0,5.0,3.0,4.0,4.0,7,1,,0,True,1
24,8947344,47.0,vrouw,,nederlands,,right,,1,3.0,1.0,2.0,1.0,1.0,,,,1,True,1
28,8999008,,,,,,,,,,,,,,,,,0,False,1
111,9040248,28.0,Vrouw,,Nederlands,,right,,20,3.0,1.0,1.0,1.0,3.0,16,2,,0,True,1
31,9049227,30.0,Man,,Nederlands,,right,,21,5.0,3.0,2.0,2.0,1.0,,,,0,False,2
302,9078007,23.0,vrouw,,nederlands,,left,,20,1.0,1.0,3.0,1.0,1.0,,,,0,False,2
19,9115436,27.0,Vrouw,,Nederlands,,right,,14,4.0,4.0,3.0,1.0,4.0,14,0.5,,0,True,1
128,9121666,,,,,,,,,,,,,,,,,0,False,1
61,9162338,,,,,,,,,,,,,,,,,1,False,1
184,9205898,33.0,vrouw,,Duits,,right,,1,2.0,1.0,4.0,3.0,1.0,,,,0,True,1
14,9234035,26.0,V,,Nederlands,,right,,25,5.0,2.0,2.0,3.0,3.0,10,0,,0,True,2
270,9239214,18.0,vrouw,,Nederlands,,left,,10,4.0,2.0,2.0,2.0,1.0,2,0,,0,True,1
147,9253193,,,,,,,,,,,,,,,,,0,False,1
98,9268974,23.0,vrouw,,nederlands,,right,,12,3.0,1.0,2.0,2.0,1.0,,,,1,True,2
257,9290278,,,,,,,,,,,,,,,,,0,False,1
263,9328771,28.0,Female,,Chinese,,right,,100,3.0,2.0,2.0,2.0,1.0,,,,2,True,4
37,9335679,25.0,vrouw,,Nederlands,,right,,30,4.0,1.0,2.0,1.0,1.0,,,,1,False,1
242,9363421,23.0,vrouw,,Nederlands,,right,,6,3.0,1.0,2.0,2.0,1.0,,,,1,True,1
173,9424076,51.0,vrouw,,nederlands,,right,,8,4.0,4.0,3.0,3.0,3.0,30,,,1,True,2
125,9432830,,,,,,,,,,,,,,,,,0,False,1
176,9446330,,,,,,,,,,,,,,,,,0,False,1
71,9458464,20.0,Vrouw,,Nederlands,,right,,28,4.0,1.0,2.0,1.0,1.0,,,,0,True,1
3,9464824,28.0,Vrouw,,Nederlands,,right,,30,3.0,1.0,2.0,1.0,1.0,,,,0,True,2
282,9467534,,,,,,,,,,,,,,,,,0,False,1
222,9571087,21.0,Man,,Nederlands,,right,,14,4.0,2.0,1.0,4.0,1.0,,,,0,True,2
277,9582431,30.0,vrouw,,Nederlands,,right,,7,1.0,1.0,4.0,1.0,1.0,,,,0,True,1
187,9626755,56.0,man,,nederlands,,right,,40,3.0,1.0,3.0,2.0,2.0,2,2,,0,False,1
198,9626793,41.0,vrouw,,nederlands,,right,,4,5.0,3.0,3.0,2.0,3.0,1,3,,0,True,2
135,9690040,,,,,,,,,,,,,,,,,0,False,1
143,9763636,,,,,,,,,,,,,,,,,0,True,1
83,9766823,26.0,Vrouw,,Nederlands,,right,,1,5.0,2.0,1.0,2.0,1.0,3,1,,0,True,1
219,9767165,,,,,,,,,,,,,,,,,1,False,1
254,9797750,26.0,vrouw,,Nederlands,,right,,40,4.0,3.0,1.0,3.0,3.0,15,10,,0,True,3
38,9820958,21.0,Vrouw,,Nederlands,,left,,24,3.0,4.0,3.0,1.0,1.0,,,,0,False,1
248,9851082,,,,,,,,,,,,,,,,,1,False,1
234,9912893,69.0,v,,nederlands,,right,,7,4.0,4.0,3.0,4.0,4.0,6,7,,0,True,2
65,9928742,21.0,vrouw,,Nederlands,,right,,30,3.0,1.0,3.0,1.0,1.0,,,,0,True,1
280,9929049,22.0,vrouw,,Nederlands,,right,,8,3.0,1.0,1.0,2.0,4.0,12,2,,0,True,1
82,9954744,33.0,Vrouw,,Nederlands,,right,,5,2.0,5.0,3.0,4.0,4.0,15,3,,0,True,1
220,9971121,20.0,Vrouw,,Nederlands,,left,,10,5.0,1.0,2.0,2.0,1.0,,,,0,True,4
314,6900933,64.0,vrouw,,Nederlands,,right,,4,3.0,1.0,2.0,1.0,1.0,,,,0,True,3
